{
  "epoch": 46,
  "loss": [],
  "accuracy": [
    74.19999694824219,
    65.30000305175781,
    59.599998474121094,
    55.599998474121094,
    56.29999923706055,
    54.400001525878906,
    56.599998474121094,
    53.70000076293945,
    51.79999923706055,
    54.599998474121094,
    51.20000076293945,
    54.0,
    53.20000076293945,
    55.29999923706055,
    56.099998474121094,
    52.29999923706055,
    55.400001525878906,
    56.599998474121094,
    53.599998474121094,
    56.599998474121094,
    58.400001525878906,
    56.70000076293945,
    57.099998474121094,
    58.29999923706055,
    56.099998474121094,
    58.79999923706055,
    54.5,
    59.099998474121094,
    55.5,
    57.900001525878906,
    55.79999923706055,
    59.70000076293945,
    59.0,
    57.79999923706055,
    57.0,
    57.400001525878906,
    55.900001525878906,
    58.29999923706055,
    56.79999923706055,
    58.79999923706055,
    54.099998474121094,
    53.7,
    60.6,
    55.800000000000004,
    57.8,
    55.7
  ],
  "timestamp": 1765748599.6316113,
  "training_time": 10.714441537857056,
  "config": {
    "learning_rate": 0.001,
    "batch_size": 128,
    "epochs": 1000000,
    "optimizer": "adam",
    "use_batch_norm": true,
    "dropout_rate": 0.2
  }
}