{
  "epoch": 165,
  "loss": [
    0.6367192093970496,
    0.30673062509114196,
    0.24871310267667832,
    0.21908405457864552,
    0.20082972199417862,
    0.1892436508339407,
    0.17680217168771506,
    0.17230661057606542,
    0.16500407814675447,
    0.16182088342892081,
    0.1621691980906092,
    0.15474737415483955,
    0.15679802726437642,
    0.1472646179236752,
    0.15023123877409789,
    0.15676741250103496,
    0.15037557193885748,
    0.15161398164141904,
    0.14657785255653732,
    0.1442649482683488,
    0.14934311815021356,
    0.14809872155057208,
    0.15182921964980223,
    0.15125729711061403,
    0.14523663815220206,
    0.14636412037084331,
    0.13947160144047657,
    0.14958648131341903,
    0.1466067776547929,
    0.1469771596026286,
    0.1526482324963256,
    0.15043991206499158,
    0.14991750535721438,
    0.16153765743208473,
    0.15496821222627785,
    0.16588306456658344,
    0.15783915998336462,
    0.16066217509301672,
    0.15482725147637835,
    0.16166385497673372,
    0.15951027590100933,
    0.16913573969830856,
    0.16383699824694334,
    0.16261099522318992,
    0.1702470931164022,
    0.16872391256786534,
    0.16228530157812734,
    0.17497803953825747,
    0.17850014491454755,
    0.17333900226237878,
    0.17564668177091577,
    0.16897557714753575,
    0.1768427796744639,
    0.17806928255115248,
    0.1731013668202336,
    0.1888934835847639,
    0.1845807882498985,
    0.17535852421983592,
    0.18116580836415738,
    0.1848445045897137,
    0.1752372637265956,
    0.18730083097069614,
    0.18419682615957672,
    0.19953709816631085,
    0.18760075964278042,
    0.1853965803218857,
    0.19140016971131965,
    0.20199787653080478,
    0.19007146586139734,
    0.20135131222823252,
    0.1860837601066868,
    0.20155718260487618,
    0.20862144155632542,
    0.19771054675380115,
    0.20639749823973227,
    0.2018598127585664,
    0.2115511204664554,
    0.20178828611564717,
    0.2082522689726433,
    0.22018082435327122,
    0.21325047411589637,
    0.2225728133352986,
    0.20647809758928878,
    0.21740147740225638,
    0.21880513333750917,
    0.228239145475383,
    0.22826017823285125,
    0.22781683912267728,
    0.22046597572694038,
    0.23145745795593908,
    0.22768717244439474,
    0.23162632208312406,
    0.22098393954610507,
    0.2347113844589903,
    0.23006639961899214,
    0.23721294221545472,
    0.2178353350880686,
    0.24221309779680847,
    0.2361346552792093,
    0.24172460150437036,
    0.24503977123765375,
    0.23074665564540886,
    0.2419127098463532,
    0.24725687948004849,
    0.24191555990784894,
    0.25065416824281567,
    0.25101914359155164,
    0.2420959477284529,
    0.24523652121654682,
    0.25526543809596497,
    0.25095671743315273,
    0.24547339007252267,
    0.25682888749328964,
    0.2754862171980731,
    0.2776895999472752,
    0.26910087294659796,
    0.273994776011827,
    0.2801978701028276,
    0.26611025838547275,
    0.26727397053723234,
    0.26186773132427277,
    0.26122496588857286,
    0.259995942809192,
    0.28280182913498336,
    0.28044005338153216,
    0.2715885283445652,
    0.29177231798014847,
    0.25872061723153905,
    0.26878095250782297,
    0.28507703894660885,
    0.2688445920328419,
    0.2928013917085057,
    0.29842465596134615,
    0.2889622272851067,
    0.27804891611994403,
    0.29831723878156297,
    0.3037026420411304,
    0.29425377726541485,
    0.30573495034349985,
    0.2911508568717455,
    0.31023192155900475,
    0.2970289010073664,
    0.29059094289655774,
    0.30517994342894045,
    0.3040452942114047,
    0.3001965655918484,
    0.3070880103726588,
    0.29886866073791973,
    0.32054791257270093,
    0.32228578389317114,
    0.29811593427986155,
    0.30711871436170163,
    0.30143811930139947,
    0.32511248628796413,
    0.3345503268148276,
    0.3064814811641482,
    0.3076716659706681,
    0.32538619668484886,
    0.312742915555311,
    0.31520894718714715,
    0.31498836595504415,
    0.31888824522907233,
    0.3271002131598897,
    0.33252419142549305,
    0.33194356087954924
  ],
  "accuracy": [
    80.32333333333334,
    91.06833333333333,
    92.84166666666667,
    93.67166666666667,
    94.16666666666667,
    94.545,
    94.95333333333333,
    95.055,
    95.26666666666667,
    95.46333333333334,
    95.385,
    95.555,
    95.65,
    95.905,
    95.82666666666667,
    95.76666666666667,
    95.86,
    95.86,
    95.95333333333333,
    96.02666666666667,
    95.88333333333334,
    95.96,
    95.775,
    95.97666666666667,
    96.08,
    95.98833333333333,
    96.17,
    95.94666666666667,
    96.11166666666666,
    95.97166666666666,
    95.955,
    96.03333333333333,
    95.975,
    95.87166666666667,
    95.96,
    95.75666666666666,
    95.925,
    95.87833333333333,
    95.92166666666667,
    95.87833333333333,
    95.79,
    95.7,
    95.74166666666666,
    95.80166666666666,
    95.72,
    95.67166666666667,
    95.74666666666667,
    95.59333333333333,
    95.53333333333333,
    95.62333333333333,
    95.55666666666667,
    95.59666666666666,
    95.505,
    95.55333333333333,
    95.62666666666667,
    95.38166666666666,
    95.44833333333334,
    95.65,
    95.45,
    95.455,
    95.48333333333333,
    95.43166666666667,
    95.32333333333334,
    95.25333333333333,
    95.23166666666667,
    95.59333333333333,
    95.39166666666667,
    94.95166666666667,
    95.21333333333334,
    95.02166666666666,
    95.42,
    95.235,
    94.95,
    95.10833333333333,
    94.96166666666667,
    95.07166666666667,
    94.95833333333333,
    94.92833333333333,
    94.90333333333334,
    94.64,
    94.89833333333333,
    94.67166666666667,
    94.85,
    94.67833333333333,
    94.70333333333333,
    94.48333333333333,
    94.33,
    94.525,
    94.48,
    94.42333333333333,
    94.47666666666667,
    94.56166666666667,
    94.58333333333333,
    94.17666666666666,
    94.35,
    94.34833333333333,
    94.555,
    93.83833333333334,
    94.335,
    93.96666666666667,
    94.05833333333334,
    94.2,
    93.83333333333333,
    94.05166666666666,
    93.88166666666666,
    93.81666666666666,
    93.71333333333334,
    94.02666666666667,
    93.89,
    93.72666666666667,
    93.68166666666667,
    93.92666666666666,
    93.63666666666667,
    92.94,
    93.305,
    93.325,
    93.47166666666666,
    93.14333333333333,
    93.34166666666667,
    93.50333333333333,
    93.785,
    93.4,
    93.57833333333333,
    92.83,
    93.025,
    93.38666666666667,
    93.08833333333334,
    93.35,
    93.21166666666667,
    92.665,
    93.055,
    92.59,
    92.55666666666667,
    92.66,
    93.03833333333333,
    92.73833333333333,
    92.11,
    92.49166666666666,
    92.385,
    92.68333333333334,
    92.09833333333333,
    92.61,
    92.75166666666667,
    92.30333333333333,
    92.27666666666667,
    92.56,
    92.51333333333334,
    92.155,
    91.67833333333333,
    91.805,
    92.36333333333333,
    92.21833333333333,
    92.28833333333333,
    91.69833333333334,
    91.70833333333333,
    91.84166666666667,
    92.19,
    91.70833333333333,
    92.17833333333333,
    92.16333333333333,
    91.94666666666667,
    92.02833333333334,
    91.64,
    91.75833333333334,
    91.71
  ],